Gene,#Var,ECSP,Chrom,Pos,VarP,eQTL_P,eQTL_Beta,eQTL_SE
MTCO1P12,419,0.151394,1,1155757,0.008248,0.00102,271.508,82.652
WBP1LP7,9,0.906045,1,956327,0.3727,0.00375,0.145,0.05
LINC01770,58,0.125738,1,1493727,0.01111,0.00159,-0.212,0.067
OR4F5,16,0.95193,1,837192,0.75,0.01,0.082,0.032
MIR6726,63,0.278839,1,1914487,0.01711,0.01,-0.092,0.036
