Gene,#Var,minP_MedianMR,DetailsMedianMR,minP_MLMR,DetailsMLMR,Chrom,Pos,GWAS_Var_P,GWAS_Var_Beta,GWAS_Var_SE,eQTL_P,eQTL_Beta,eQTL_SE
AMPD1,3,.,"ENST00000639274[2,NaN,NaN,NaN]",9.38E-06,"ENST00000639274[2,-0.07947323864224412,0.017935971853054997,9.382262412244995E-6]",1,115309590,8.83E-08,1.057384,0.0104,4.65E-05,-0.613,0.151
RN7SL432P,3,.,"ENST00000484057[2,NaN,NaN,NaN]",9.38E-06,"ENST00000484057[2,-0.07947323864224412,0.017935971853054997,9.382262412244995E-6]",1,115309590,8.83E-08,1.057384,0.0104,4.65E-05,-0.613,0.151
…,…,…,…,…,…,…,…,…,…,…,…,…,…